{
  "epoch": 3,
  "profile": "lantern-convergance",
  "train_loss": 0.11630351328769292,
  "val_loss": 0.14043849759343685,
  "learning_rate": 3e-05,
  "eval_metrics": {
    "door_count": 3,
    "receipt_valid": true,
    "intent_accuracy": 1.0499999999999998
  },
  "timestamp": "2026-06-07T22:01:44.150383"
}