{
  "epoch": 2,
  "profile": "lantern-pcsf",
  "train_loss": 0.1669853383410358,
  "val_loss": 0.18029041734444026,
  "learning_rate": 0.0001,
  "eval_metrics": {
    "door_count": 3,
    "receipt_valid": true,
    "intent_accuracy": 0.8999999999999999
  },
  "timestamp": "2026-06-07T22:01:44.144257"
}