{
  "epoch": 1,
  "profile": "lantern-pcsf",
  "train_loss": 0.2513978190191201,
  "val_loss": 0.2696795876096926,
  "learning_rate": 0.0001,
  "eval_metrics": {
    "door_count": 2.5,
    "receipt_valid": true,
    "intent_accuracy": 0.75
  },
  "timestamp": "2026-06-07T22:01:44.143246"
}